{"timestamp": 1774842764.4428122, "signal_channels": [{"x_v": -3.883592201988424e-07, "y_v": 3.802483851825537e-06, "r_v": 3.8222645548558546e-06, "x_uv": -0.3883592201988424, "y_uv": 3.802483851825537, "r_uv": 3.8222645548558547, "channel_index": 0}, {"x_v": 0.0, "y_v": 0.0, "r_v": 0.0, "x_uv": 0.0, "y_uv": 0.0, "r_uv": 0.0, "channel_index": 1}]}